,Price,Close,High,Low,Open,Volume
1,Date,,,,,
2,2023-09-07,-1.7741194013796484,-1.7898625308990785,-1.7694826481328525,-1.7870135010877297,-1.177821178628702
3,2023-09-08,-1.7868346355357252,-1.7896860960680623,-1.7668115824895356,-1.7681420549875673,-1.1894595258177947
4,2023-09-09,-1.7872138247003877,-1.808144271398103,-1.7616832358540642,-1.7810465544258745,-1.418662523007533
5,2023-09-10,-1.7896254766957667,-1.806037677616316,-1.7682465526595068,-1.7814345001636918,-1.3147901060735858
6,2023-09-11,-1.815074577834923,-1.8095709169939145,-1.7956192713163523,-1.783845994606606,-1.0269805406201526
7,2023-09-12,-1.789583014635824,-1.7882630407159052,-1.7878010333373913,-1.8093318042710462,-0.8527054782171103
8,2023-09-13,-1.7745705978837243,-1.7911076127443675,-1.7628156393708583,-1.783624205360703,-1.092610829830356
9,2023-09-14,-1.7627368226433098,-1.7761577648971805,-1.7477665252583272,-1.768785095446676,-1.0608558972351734
10,2023-09-15,-1.7601135284575526,-1.7736865049384969,-1.7450965891570207,-1.7571810672656183,-1.161007850703308
11,2023-09-16,-1.76164951181817,-1.7769025572797712,-1.7361059618740986,-1.7544321416255086,-1.3361605231421643
12,2023-09-17,-1.7629453469901262,-1.7820334550835761,-1.7372169793954964,-1.7558856400447307,-1.363127775214595
13,2023-09-18,-1.7545800242439429,-1.752144383579608,-1.7383566119811567,-1.7572123699618627,-0.983368178096076
14,2023-09-19,-1.7372166049771864,-1.749367220207514,-1.7280975090205917,-1.7485586579903551,-1.0610134762261147
15,2023-09-20,-1.7402233939210972,-1.7534659595958193,-1.721062118957616,-1.7314919384295993,-1.0836317990585655
16,2023-09-21,-1.7616741576291859,-1.761965458461071,-1.7393673261720337,-1.734544989791516,-1.079751911695524
17,2023-09-22,-1.7612205113908825,-1.7779788976733035,-1.7352715315396396,-1.7560326588692725,-1.199708705563557
18,2023-09-23,-1.7612272667186006,-1.7814261910140325,-1.7343081828103974,-1.7554819687817858,-1.3360458845802436
19,2023-09-24,-1.773487295714593,-1.7783547742028354,-1.7458542106347748,-1.7554509627935624,-1.302191143958613
20,2023-09-25,-1.771904099294319,-1.7894046649277249,-1.7539346529657425,-1.767816714642239,-1.1387536242997143
21,2023-09-26,-1.7749915067646242,-1.7905909840095278,-1.7508793924332993,-1.7662602585396345,-1.2251909522270612
22,2023-09-27,-1.7698426850590965,-1.7745364401709662,-1.7500793001759554,-1.7694983073528163,-1.150757145326442
23,2023-09-28,-1.7444217929807408,-1.757967905327597,-1.7417569099463668,-1.7639414853533688,-1.0493596031053307
24,2023-09-29,-1.7485960658699626,-1.7592269817961101,-1.7265492081355802,-1.7385326714204494,-1.207539659970842
25,2023-09-30,-1.7464601945610996,-1.7642592578048373,-1.720102610671209,-1.7428300420465892,-1.425111655405458
26,2023-10-01,-1.707850378808321,-1.7284163899974205,-1.7171676087114696,-1.740714365500886,-1.245876647818184
27,2023-10-02,-1.7250666655526887,-1.7116391814004241,-1.7024128532468403,-1.7023786506740535,-0.8039202473359883
28,2023-10-03,-1.7288981241188073,-1.7426736139004237,-1.7074938344206771,-1.7201734175420134,-1.1640971527897517
29,2023-10-04,-1.7148573610425628,-1.736691315458576,-1.7062560822857162,-1.7231804791606324,-1.1754566516993694
30,2023-10-05,-1.7294327600553578,-1.7267423839408491,-1.7013404660621974,-1.709144632037203,-1.1439329690935216
31,2023-10-06,-1.7092624650045256,-1.72071473119651,-1.707511154064836,-1.7238242613897943,-1.0745567468657355
32,2023-10-07,-1.7084170839929402,-1.7291346585391358,-1.6822625768098873,-1.7035186770687982,-1.3726276983164647
33,2023-10-08,-1.7096998539156831,-1.7263556634100754,-1.687265544282208,-1.7025731427819994,-1.3140460508704517
34,2023-10-09,-1.7230563245643902,-1.7305835050293816,-1.7041564895968446,-1.7039861405563173,-1.1383311608621565
35,2023-10-10,-1.730378877107751,-1.740848304718417,-1.704191505399166,-1.7170990773795702,-1.225712732110367
36,2023-10-11,-1.7500555878289354,-1.7499167472974726,-1.7327436165204368,-1.7245856141723865,-1.067868731383277
37,2023-10-12,-1.7544843361403308,-1.770650038050221,-1.7328507724058202,-1.7442882877941515,-1.2506448630783662
38,2023-10-13,-1.7504715972413805,-1.7642254069360959,-1.7279156527569224,-1.7488614485260665,-1.002698514534955
39,2023-10-14,-1.7504969853961014,-1.768865833494543,-1.722970442532732,-1.7445575503234587,-1.4226656981844317
40,2023-10-15,-1.7391726806406282,-1.7568548565244553,-1.722842879588361,-1.744868648683766,-1.3492111352058076
41,2023-10-16,-1.6874888560190058,-1.6758624766546384,-1.7107914193657445,-1.7332997062262239,-0.4585362643983931
42,2023-10-17,-1.6914309980315831,-1.7069764074069853,-1.6730185556026396,-1.6816689500280806,-1.015274741404683
43,2023-10-18,-1.6947531345815015,-1.6968378524080832,-1.6705484731343674,-1.6857921530457316,-1.1075565201744313
44,2023-10-19,-1.679874339696354,-1.6967078709337384,-1.6704044188766451,-1.688872798253627,-1.0335072879004463
45,2023-10-20,-1.6432672187917097,-1.6512550199176812,-1.6540693588367108,-1.673666289632256,-0.729048266193203
46,2023-10-21,-1.634317745783833,-1.6443750140216769,-1.6201377662396637,-1.6375650087366416,-1.1583700093542892
47,2023-10-22,-1.6314487358316243,-1.6476781114540007,-1.6109400562548408,-1.6286296466759385,-1.2053883361438775
48,2023-10-23,-1.513915164363423,-1.4912054747780459,-1.596384928514844,-1.6201972047112967,-0.006246400633297111
49,2023-10-24,-1.4829275110734608,-1.4619444028324824,-1.4890888293164073,-1.5086684425412136,0.2760210112648297
50,2023-10-25,-1.460073569293631,-1.4625699844716915,-1.457151857304068,-1.476814314439138,-0.5693379629301332
51,2023-10-26,-1.4732308691262088,-1.4738560985749845,-1.4551001571964362,-1.4544735356232097,-0.8196347006932598
52,2023-10-27,-1.4826130542798996,-1.4961658726434064,-1.468418511737881,-1.4676820866063187,-0.9488894986383837
53,2023-10-28,-1.4757802258789192,-1.4901193161671729,-1.4507634689046311,-1.4771303084817962,-1.2176812346156065
54,2023-10-29,-1.458718198156511,-1.4772192043655317,-1.4479581383676818,-1.4702315502791259,-1.1747277836946963
55,2023-10-30,-1.460090940136335,-1.4734425611222208,-1.4416580048506549,-1.4534309036364486,-0.9159513883939867
56,2023-10-31,-1.4538037343587433,-1.4781198426308346,-1.442724593719645,-1.4546334612466771,-0.9772287497571641
57,2023-11-01,-1.424557619401394,-1.4477828699134108,-1.4393555464167214,-1.4486633991505984,-0.6899540539970985
58,2023-11-02,-1.4435240556653557,-1.4330804557972625,-1.4304538517414156,-1.418876584186758,-0.7521559498708373
59,2023-11-03,-1.4513505853502386,-1.469745929023208,-1.4407917214315036,-1.437831924479936,-0.9170855224884135
60,2023-11-04,-1.438052685619879,-1.4579829719463882,-1.422160001273289,-1.4456611590373252,-1.2434120981117263
61,2023-11-05,-1.4393008623259553,-1.4548201870977004,-1.4230255316644334,-1.4322285934981536,-1.1209316543510668
62,2023-11-06,-1.4397563644235218,-1.45685768700671,-1.4164279520846763,-1.433946087879305,-1.1088748636365198
63,2023-11-07,-1.424317842384585,-1.4341093170502224,-1.4248925893047706,-1.4338320036451246,-0.8450829726199169
64,2023-11-08,-1.4162709850879716,-1.430282850017422,-1.4016830612869378,-1.4197159711789455,-0.911203513278246
65,2023-11-09,-1.3768244737449598,-1.3578110708531115,-1.3845530295801065,-1.4115826108997493,-0.0320573027627367
66,2023-11-10,-1.3532274459161338,-1.3740344294137081,-1.3548405023001848,-1.3709979976256612,-0.6785716058896335
67,2023-11-11,-1.3599137356696898,-1.3772871901645918,-1.3389976966683688,-1.3479138168624278,-1.0560058602887759
68,2023-11-12,-1.3630885912284783,-1.3840173583407338,-1.3387876018544405,-1.3546010222459288,-1.158173753565978
69,2023-11-13,-1.384075241652019,-1.3773613396865967,-1.3534196890567436,-1.3570197860353643,-0.83550536135659
70,2023-11-14,-1.4207421212249394,-1.4018119247569405,-1.409367109675067,-1.3789910150107942,-0.629340669729244
71,2023-11-15,-1.3316916096194187,-1.3563616382006363,-1.392584826301828,-1.4148305252546385,-0.47864097335180117
72,2023-11-16,-1.3972862871688596,-1.357497180979327,-1.3863508086438079,-1.3262694117724327,-0.5369908999065766
73,2023-11-17,-1.3804900184929456,-1.4036451471290428,-1.3726344034979092,-1.391408690763194,-0.6900074702001409
74,2023-11-18,-1.3809073641240601,-1.398588325576964,-1.359831120113192,-1.3739177529090199,-1.1435563056875828
75,2023-11-19,-1.3504688967072724,-1.3734509049144508,-1.352841664758638,-1.3754219142228747,-1.0993155020447882
76,2023-11-20,-1.3470325876954803,-1.3641674140675244,-1.3348004691634436,-1.3454830363981307,-0.7568786915908138
77,2023-11-21,-1.4102453812321245,-1.3688822099588127,-1.3760049568568467,-1.34187180307119,-0.5728667956950465
78,2023-11-22,-1.348728397655847,-1.3604099676372228,-1.3815121518825952,-1.406914206893005,-0.6061523352415206
79,2023-11-23,-1.3541528515791494,-1.3684028757958113,-1.333206911295217,-1.3437223709998836,-1.0435202343781849
80,2023-11-24,-1.3377843213462242,-1.3394634603735704,-1.3201852497884954,-1.3484361713338828,-0.6694786130774011
81,2023-11-25,-1.334876264115117,-1.3590801120795228,-1.3064668867697788,-1.332291546126245,-1.2632448342197555
82,2023-11-26,-1.346950336012934,-1.3617859834704793,-1.3239966257426787,-1.3294274235968755,-1.0637150297478224
83,2023-11-27,-1.3555003538729937,-1.371575185780725,-1.3399052460222989,-1.3424402956399533,-0.8378586711732213
84,2023-11-28,-1.3335728570373673,-1.341221360899209,-1.334470492290815,-1.3502714587994809,-0.7221751608772244
85,2023-11-29,-1.3325312003501029,-1.3413101644769463,-1.3066513786314722,-1.3283155102871465,-0.7637367899851979
86,2023-11-30,-1.3380707175477253,-1.3497268679273111,-1.309793312687511,-1.3269858132898016,-0.8759561983370254
87,2023-12-01,-1.3009747633131468,-1.3192518540048894,-1.306006485446353,-1.332420910823521,-0.644143369978129
88,2023-12-02,-1.2710403472722516,-1.2920603743503891,-1.2665556493754464,-1.2955334278485329,-0.9868604912006774
89,2023-12-03,-1.2519581053902644,-1.2749287574155086,-1.241665664057389,-1.2657988334964367,-0.97673798123186
90,2023-12-04,-1.175877229128624,-1.1910411757546746,-1.2154303189021833,-1.2465656261413345,0.057864533831525344
91,2023-12-05,-1.0960394998432468,-1.114627602138951,-1.1598139293956982,-1.1703183406040822,-0.09436247601883545
92,2023-12-06,-1.1087418914532219,-1.1199882022663588,-1.0805087848477817,-1.0908002941943025,-0.369369228101266
93,2023-12-07,-1.125989208164471,-1.1283606504684123,-1.103542857340004,-1.1026074931929284,-0.4670460828098328
94,2023-12-08,-1.0927725936650021,-1.1034913990257986,-1.0941104285254268,-1.1206851711591743,-0.605127079740714
95,2023-12-09,-1.1095195707188847,-1.1164060183426148,-1.0747442048492704,-1.0870025798759904,-0.9080758254919601
96,2023-12-10,-1.1074779770605936,-1.1286594466647923,-1.076067124451813,-1.1041551222319,-1.0956861311866746
97,2023-12-11,-1.2038612113182374,-1.1371470757449011,-1.205562188082807,-1.1017382870446026,0.09121992969728128
98,2023-12-12,-1.1960167169156866,-1.2031750269820773,-1.1888684608031805,-1.19870855091178,-0.589732309671189
99,2023-12-13,-1.1412654538694311,-1.1513497865605804,-1.1885097182606876,-1.1899837031921718,-0.5030359944597868
100,2023-12-14,-1.136201630518159,-1.15280991667374,-1.1464761467316749,-1.1362136821606341,-0.5554118361572953
101,2023-12-15,-1.177790545794641,-1.1641780934891337,-1.1493338880179051,-1.1307452049745212,-0.8105178935518086
102,2023-12-16,-1.1659944073800848,-1.180042134603176,-1.1481716645920375,-1.1721611941242225,-1.0361415811412933
103,2023-12-17,-1.1992686277510842,-1.1915008734829948,-1.1654663082211796,-1.1608296180837008,-0.9376927457974701
104,2023-12-18,-1.1514213096327761,-1.1779656549059188,-1.1941622476917704,-1.1945510781176718,-0.5706126582573035
105,2023-12-19,-1.1648385782309467,-1.154181536290277,-1.1441919115755086,-1.1454329937976977,-0.6588242177125354
106,2023-12-20,-1.1123220666750995,-1.1196199458458078,-1.1288670386068467,-1.1598728830690987,-0.4570315244928252
107,2023-12-21,-1.1040780428903607,-1.120929871887712,-1.0862161347177675,-1.1072032037344604,-0.6896751053347223
108,2023-12-22,-1.0991845131850826,-1.116154701286807,-1.0819011336325615,-1.0988151196189992,-0.7508525325773033
109,2023-12-23,-1.1090042357186718,-1.129369435665019,-1.085394731767828,-1.0933761648810032,-1.0738950461900196
110,2023-12-24,-1.1365002011564271,-1.1320020367773145,-1.1071566387451737,-1.1041557156479425,-0.8452626783733562
111,2023-12-25,-1.113808535710574,-1.1387707451200324,-1.107972017471058,-1.1314165068726565,-0.747103007681683
112,2023-12-26,-1.1553413298029358,-1.1448449977616,-1.1499692930501375,-1.1090367109519306,-0.36433980008056277
113,2023-12-27,-1.1202807335395242,-1.141844433309868,-1.131035156844347,-1.1501059967787717,-0.5690534792482173
114,2023-12-28,-1.1512572516739068,-1.1372818930576378,-1.1252145515621215,-1.1140365378184391,-0.6665089977346755
115,2023-12-29,-1.1713426968392244,-1.162808818521514,-1.159701577617067,-1.1464533726828632,-0.5373072246410263
116,2023-12-30,-1.1691572369708476,-1.1830740587341748,-1.1546059876998962,-1.1663120405468135,-0.9662474043618419
117,2023-12-31,-1.1650415349999732,-1.172689608680086,-1.1375636084530696,-1.1640202677904838,-0.9497715134518535
118,2024-01-01,-1.092744830010424,-1.1233769526544375,-1.1292078590827748,-1.1591538111795383,-0.8625977634595249
119,2024-01-02,-1.0626943114140215,-1.0586920456251203,-1.0535639367044634,-1.0867321305145978,0.03549184864586646
120,2024-01-03,-1.1428833177407423,-1.0735651794905492,-1.183240480085123,-1.0573191676575642,0.33647082440845216
121,2024-01-04,-1.0922663152579937,-1.1010714282621779,-1.1114648625783174,-1.1372939960660973,-0.3462459548774444
122,2024-01-05,-1.0929212108748014,-1.1167051076201095,-1.107241429698752,-1.0865103412686947,-0.2651519421661473
123,2024-01-06,-1.0995154500089013,-1.1214188777274967,-1.080621588443217,-1.0870430805208944,-0.9628722055011896
124,2024-01-07,-1.101267529622129,-1.111367367819644,-1.0734089355874143,-1.093897777582405,-0.8237849564934088
125,2024-01-08,-0.9862018798021676,-1.009237098718312,-1.0895306627929906,-1.095787510969907,0.18200352716873716
126,2024-01-09,-1.0177779147129433,-0.9838886596532543,-1.012396196777798,-0.9803729863761981,0.056368075407932
127,2024-01-10,-0.9992282302051319,-0.993135075739178,-1.041758264823303,-1.0132663343227901,0.49850481366496624
128,2024-01-11,-1.0090795765805667,-0.9435354933022925,-0.995666022942637,-0.992965423153129,0.3146250408676611
129,2024-01-12,-1.14269357468967,-1.0362423253244555,-1.141206456739306,-1.0044076712855865,0.20719619416101015
130,2024-01-13,-1.1431034968837317,-1.1586696339393876,-1.1196011795873981,-1.1394348927936087,-0.7691784362021851
131,2024-01-14,-1.1828641680828227,-1.1650119092602977,-1.1481138320411068,-1.1378087844830098,-0.9014944806088302
132,2024-01-15,-1.1556618738148805,-1.1554785667631369,-1.1488539079662996,-1.1806181145006194,-0.695368435668279
133,2024-01-16,-1.1312236220992187,-1.1462293664066239,-1.134180705434819,-1.1508326347228748,-0.62051499877387
134,2024-01-17,-1.1468940523116886,-1.1603491352668587,-1.1301974884894583,-1.1268010652477098,-0.7584669695712807
135,2024-01-18,-1.20316845617246,-1.1721115061814493,-1.1902715025856585,-1.1416047185531941,-0.5708826124914508
136,2024-01-19,-1.1896243952694256,-1.19995421207269,-1.203137889717355,-1.1971997906235956,-0.5479431689241878
137,2024-01-20,-1.1878311898149247,-1.2095678587952636,-1.158823998777812,-1.1840542900950077,-1.1564137279582563
138,2024-01-21,-1.1923845776344386,-1.2104129581893415,-1.1568891686168528,-1.1822731518432927,-1.2527438258610264
139,2024-01-22,-1.2698607631245442,-1.2180719004177925,-1.2358071061636153,-1.1867483989281868,-0.30799062252827936
140,2024-01-23,-1.2570070818674306,-1.2752383976131307,-1.2715947621920987,-1.2640325306457854,-0.39794242593137974
141,2024-01-24,-1.2482073395849111,-1.261867011379141,-1.2335447088196494,-1.2504028026264764,-0.6936801121022481
142,2024-01-25,-1.2536525791319617,-1.2704692351750757,-1.2321232931538026,-1.2428846664293942,-0.8598142074592906
143,2024-01-26,-1.1820811439424819,-1.197132134019777,-1.2213268294075055,-1.2481536074711996,-0.5545703845408007
144,2024-01-27,-1.1705577426052496,-1.1976481033221087,-1.1594232584657123,-1.1767990372047754,-1.1634473594075063
145,2024-01-28,-1.17376793372441,-1.1750815901972582,-1.1491819269661105,-1.1650066736072133,-0.9299495253157258
146,2024-01-29,-1.1261571263106078,-1.155998346119959,-1.144500502452741,-1.1686226542624942,-0.7663170248645194
147,2024-01-30,-1.1389140059485514,-1.1360002493432968,-1.1100693510759085,-1.120415908629867,-0.6299673234567382
148,2024-01-31,-1.152977113570325,-1.1405597122438234,-1.1259704410754596,-1.1338594523658259,-0.5942807392105844
149,2024-02-01,-1.1342327865429864,-1.1583504686055397,-1.142154067183204,-1.1481579602650893,-0.7338664500600182
150,2024-02-02,-1.130048640482484,-1.1516233777811011,-1.1149671958384644,-1.1288694168640192,-0.8550007667597319
151,2024-02-03,-1.1374073451642928,-1.1539697851849462,-1.1031511321708085,-1.124793390421751,-1.1743445825999557
152,2024-02-04,-1.1529399963850606,-1.1638096905280253,-1.1230446260574045,-1.1320102196232282,-1.018294476336454
153,2024-02-05,-1.1500861302444398,-1.148931281202533,-1.1272862822147374,-1.1478594719956865,-0.8502052269473617
154,2024-02-06,-1.1338945747508558,-1.1545622486582003,-1.11709992175964,-1.144829934744456,-0.9325480104250414
155,2024-02-07,-1.087009779480828,-1.117130368317459,-1.1075792380626526,-1.1283992830043088,-0.7466394334728129
156,2024-02-08,-1.049634852481801,-1.0708417232327139,-1.0475811291895492,-1.0812258230557725,-0.530670741152646
157,2024-02-09,-0.979486044769141,-0.9741800546495359,-1.011775099277697,-1.0445666569031553,0.03469704578403205
158,2024-02-10,-0.9557660848227189,-0.9744173038118408,-0.9483714965461356,-0.9740728366064507,-0.9497207094807939
159,2024-02-11,-0.9359015611440961,-0.9597954870022197,-0.9209169990477396,-0.9506992171684635,-0.8244166654900684
160,2024-02-12,-0.8726446723913575,-0.8943501810209571,-0.9159682495919166,-0.9306686070061841,-0.1716864640310017
161,2024-02-13,-0.8808460856474124,-0.8914272830646061,-0.8904936133292931,-0.8681948045245487,-0.12525064555848744
162,2024-02-14,-0.80162776794973,-0.8290415973796761,-0.8561666810286171,-0.876091095094746,0.02562681304430907
163,2024-02-15,-0.7973762170807874,-0.7990790357862106,-0.776172817065579,-0.7962091362968723,0.0023782053895573026
164,2024-02-16,-0.7889518037756631,-0.8096617552143567,-0.7657730484733228,-0.7923755203079857,-0.4436445980528474
165,2024-02-17,-0.807849647481256,-0.822643783187541,-0.8032369448451919,-0.783870236524121,-0.7946401043709185
166,2024-02-18,-0.7903830424394641,-0.816452005019001,-0.7814903996391874,-0.8028484233349372,-0.8983181461603575
167,2024-02-19,-0.8034350779346314,-0.8117117110707386,-0.7630567258467906,-0.7848904670552759,-0.7365196785142255
168,2024-02-20,-0.7842132754360496,-0.7943903241141258,-0.79850838077859,-0.7984521005837023,-0.22143667445390844
169,2024-02-21,-0.801153261853308,-0.8160074009680851,-0.8031563708484524,-0.7796219710755025,-0.42455854308217955
170,2024-02-22,-0.8214574014742042,-0.8294826844572163,-0.7933427592567764,-0.7955308617602371,-0.5624832925452508
171,2024-02-23,-0.8432368749749957,-0.848678032060867,-0.8073966715553728,-0.8172067179004875,-0.7337322414713443
172,2024-02-24,-0.8113423746146501,-0.8416905386660668,-0.8064841522165971,-0.8380013512175506,-1.0023220237601163
173,2024-02-25,-0.8051798825795474,-0.831718014118611,-0.7786965151279432,-0.8065230038244201,-0.9920491475072567
174,2024-02-26,-0.6991693412767256,-0.7196194701459853,-0.7931600746622997,-0.8002442170322046,-0.1904819019975043
175,2024-02-27,-0.6017560308936197,-0.622094677680179,-0.6561675629832892,-0.6943285030316005,0.4831367684703996
176,2024-02-28,-0.39577480514296465,-0.3829294975883539,-0.5692557813263537,-0.5974171357066462,1.9213279962252858
177,2024-02-29,-0.44542869090246884,-0.3952150182925852,-0.4242771064228407,-0.391265886064731,1.1592192519021325
178,2024-03-01,-0.3982132557461045,-0.41136657198009396,-0.41256420759213175,-0.44182003720767715,0.07204951816810952
179,2024-03-02,-0.41382637702452585,-0.43749167599895983,-0.37960884050324495,-0.39383063020063397,-0.628006091255047
180,2024-03-03,-0.3705913888159318,-0.4085488901439004,-0.3881782992219013,-0.40902489961612726,-0.5264059768115614
181,2024-03-04,-0.17435446347840844,-0.20946680215589214,-0.3514933350203817,-0.3670423464998009,1.3814558816175033
182,2024-03-05,-0.34650085089182836,-0.18569792375821187,-0.4695723434609912,-0.16939964442998445,2.76166578419226
183,2024-03-06,-0.2588694035133421,-0.24319604223477048,-0.3336750357152332,-0.3427722237755306,1.298974295648156
184,2024-03-07,-0.22775302782488252,-0.2284906973074757,-0.22545647720832968,-0.25452161523758926,0.3642713488023615
185,2024-03-08,-0.17550687784650218,-0.15146868729774976,-0.2032903447968738,-0.22268217418256686,0.888879951522478
186,2024-03-09,-0.1679513036140504,-0.20436396686881433,-0.1330171687694588,-0.17098703234380688,-0.7258900857153825
187,2024-03-10,-0.1481527000564574,-0.1543892406051836,-0.12581310043293495,-0.16335332837243804,-0.12134503062053133
188,2024-03-11,-0.03017142109959503,-0.047641771623739754,-0.16610672544917726,-0.14359346427957234,1.1686710052572429
189,2024-03-12,-0.05459601369107941,-0.04858168275840511,-0.10696450820872974,-0.025685850537098476,1.0328417183191314
190,2024-03-13,0.006300815953797998,-0.018126744892336677,-0.006519307211575328,-0.050106404228155314,0.41680351094609236
191,2024-03-14,-0.05781511293470329,-0.013902859868078132,-0.11335801719861371,0.010555254013541779,0.905705986797791
192,2024-03-15,-0.1335582228104364,-0.0661580502847588,-0.2264140276219187,-0.05368559308879827,1.7100512926768219
193,2024-03-16,-0.28895986020108944,-0.15284851318549675,-0.2583877474009953,-0.12946778880270177,0.3579423383984494
194,2024-03-17,-0.17206596630373733,-0.19788658115405314,-0.2682608482052173,-0.28427401207096176,0.2666512821228409
195,2024-03-18,-0.2040698881262428,-0.19595781433857679,-0.1892650475625401,-0.1682507909716068,0.46186381735729426
196,2024-03-19,-0.4182761336627811,-0.2256017967604235,-0.38427821656850364,-0.19920989932750563,1.5337429578555657
197,2024-03-20,-0.1901939995869435,-0.2252893722922123,-0.41236149245267106,-0.41287676314832217,1.214888273100945
198,2024-03-21,-0.2822600597920972,-0.22211061452277653,-0.26688822875421847,-0.18571027777552576,0.2564921307627989
199,2024-03-22,-0.3473536553404667,-0.2812423671323644,-0.3526942640858047,-0.2776814565462477,0.12422751685053329
200,2024-03-23,-0.33658061502054265,-0.30552736137293385,-0.3263565071216588,-0.341759262590897,-0.5914743125319483
201,2024-03-24,-0.21602043403149937,-0.24376520575941038,-0.2959998396846246,-0.3315798037969868,-0.48547882317912744
202,2024-03-25,-0.11246229939347685,-0.11097044579503883,-0.19618145920042362,-0.2114405006724914,0.1800254001854191
203,2024-03-26,-0.11135917664741443,-0.09697201251626691,-0.08357094014600765,-0.1090032431593074,-0.10732235817620009
204,2024-03-27,-0.13159813849098606,-0.08977130261056276,-0.12034009287869996,-0.10670286587036064,0.09957191040737524
205,2024-03-28,-0.08258266831803211,-0.09658631776939457,-0.1005390708313527,-0.1271780930025209,-0.17757478619597875
206,2024-03-29,-0.11497023336743195,-0.12033028427233004,-0.0935548866728471,-0.07810881715204658,-0.5703459260264983
207,2024-03-30,-0.12437810361332581,-0.1412483626678619,-0.07333638589846794,-0.11044198035447093,-0.9182974545770224
208,2024-03-31,-0.060207538228115115,-0.10289781957326688,-0.07241859536364384,-0.11977196408347017,-0.7928424743919704
209,2024-04-01,-0.1222175864934469,-0.10423661410496358,-0.13079754341628555,-0.05575127433291634,-0.15615690072938385
210,2024-04-02,-0.2839482978466699,-0.1655242713938774,-0.2666693988154099,-0.11759798441158666,0.523874472678997
211,2024-04-03,-0.26365811428743324,-0.2703418012353863,-0.26769863749525696,-0.2793243288600486,-0.1727159552435251
212,2024-04-04,-0.167572708324352,-0.181172458266984,-0.24634306443044096,-0.25923274519939715,-0.17479882205534825
213,2024-04-05,-0.19308379516290028,-0.20238684166942159,-0.2117329935991662,-0.16276465965822803,-0.20449263347262905
214,2024-04-06,-0.1528535173358421,-0.16847970135395393,-0.15466220580013165,-0.18840735368891748,-0.7964143172568784
215,2024-04-07,-0.13512486496608253,-0.14391422848666954,-0.10223067294607938,-0.1482814510157208,-0.743274325692445
216,2024-04-08,-0.048892141597105504,-0.05271940193495813,-0.09403351127404025,-0.1306044772322071,-0.05358742541920217
217,2024-04-09,-0.14362113714187905,-0.08921532773608187,-0.12685619482810917,-0.04439507152662864,-0.08943371104377583
218,2024-04-10,-0.0885525963959823,-0.11356509290298783,-0.15420556961674034,-0.13904760068561473,-0.008178053597788212
219,2024-04-11,-0.10859320400150017,-0.10745757555490817,-0.07446412064161906,-0.08452957873244231,-0.3589047786196179
220,2024-04-12,-0.21747631850631607,-0.10871401429338975,-0.24090529858692947,-0.10406394472913885,0.24141316890894368
221,2024-04-13,-0.34573029812573636,-0.23218557091980066,-0.40806953402447654,-0.21317683601299398,0.6168477446270039
222,2024-04-14,-0.27285931604577407,-0.3112283752150014,-0.35845899468991727,-0.3404866818876476,0.45424986041436743
223,2024-04-15,-0.36075340462719235,-0.2716800096048537,-0.35359262649805046,-0.2681974813542066,0.21850242531572714
224,2024-04-16,-0.3460955312287395,-0.3663280643898656,-0.3773297259375257,-0.3563212472130528,0.18635629054587466
225,2024-04-17,-0.4424523380504751,-0.3614251104229754,-0.4524278536164274,-0.340653135087583,0.14631132925473722
226,2024-04-18,-0.3574640796690479,-0.3749556397022172,-0.4113708088067779,-0.4377466811376003,-0.10749975855920854
227,2024-04-19,-0.3448904104575701,-0.3240895072283948,-0.456946322869101,-0.3528479831160051,0.4901637163169772
228,2024-04-20,-0.3011481045607802,-0.3255578436127644,-0.3211935965006701,-0.3399218981691502,-0.6619819960144443
229,2024-04-21,-0.3037249280305863,-0.31502436181187876,-0.27857793432231454,-0.2965611362940005,-0.7732683034615474
230,2024-04-22,-0.23109030818638873,-0.2583506805108155,-0.26815045429940404,-0.29873289065572445,-0.4392581884920559
231,2024-04-23,-0.24744918795114537,-0.2596531329842963,-0.21738552303024894,-0.22641179400999636,-0.6098580526008763
232,2024-04-24,-0.3284204760745019,-0.2643002271381017,-0.30509807466973443,-0.24278710970417566,-0.3536097769165111
233,2024-04-25,-0.3206361115120795,-0.3318321241150769,-0.3361826189782495,-0.323822075872725,-0.27289403382348126
234,2024-04-26,-0.3482446162555569,-0.35004726193079855,-0.3154104920131888,-0.3158332123998897,-0.6172290282854435
235,2024-04-27,-0.36102213304850767,-0.3834835674355896,-0.3500205628444636,-0.34372406310778153,-0.8151852226645973
236,2024-04-28,-0.37264916556699845,-0.36761044080699323,-0.33579842408912314,-0.3561610248815642,-0.9095097150426867
237,2024-04-29,-0.34498350035821357,-0.3731102544638572,-0.3742817697767495,-0.3682060353592423,-0.5099933242085506
238,2024-04-30,-0.46677122089832607,-0.3532856617070645,-0.4774315461635283,-0.3403656250149673,-0.028699708408434756
239,2024-05-01,-0.5573383406937562,-0.5004482836952175,-0.5763164731303615,-0.46303362225078076,0.42656446343894705
240,2024-05-02,-0.5242933560589506,-0.5446478465947756,-0.5615919140888095,-0.552503404048142,-0.2490106030685343
241,2024-05-03,-0.3811399443993758,-0.405161605161395,-0.48790902724609775,-0.5195152578887526,-0.22924288217799246
242,2024-05-04,-0.34306973828597337,-0.3611027211968663,-0.3432875888290638,-0.37638405019564053,-0.7683787438726398
243,2024-05-05,-0.3377615353869196,-0.3567535439960972,-0.32956380400869756,-0.3383514226125405,-0.8682166990670442
244,2024-05-06,-0.3707974634285206,-0.32359039009015494,-0.33762436640028287,-0.33281188385533217,-0.4214219886121015
245,2024-05-07,-0.4022351254726301,-0.36502297418635304,-0.35536962198876093,-0.36606410015365654,-0.5402834927456356
246,2024-05-08,-0.4458255478473174,-0.4177070888143161,-0.4096879418169314,-0.39759095930826543,-0.5335208019203258
247,2024-05-09,-0.3750539137659181,-0.401995010258217,-0.4185191530707903,-0.4409413364026706,-0.5607893020916841
248,2024-05-10,-0.460844942630247,-0.4004258539704096,-0.43545610839664917,-0.370149472898595,-0.4597785659442431
249,2024-05-11,-0.4608094586011341,-0.4752891750302204,-0.4245125029778013,-0.4560508956780898,-1.0595280318728715
250,2024-05-12,-0.43592624606852093,-0.4615212500481165,-0.4191157018578658,-0.4560452582256856,-1.0613240809822002
251,2024-05-13,-0.38069854683220977,-0.4013292765063017,-0.41382447526449934,-0.4310661516845781,-0.456160723012127
252,2024-05-14,-0.43195841896374054,-0.4137290988452444,-0.40017885475125053,-0.3760140552931103,-0.44339958005677615
253,2024-05-15,-0.252761993381172,-0.28759343488671374,-0.39221166783252226,-0.42716310601871327,0.05610503019770913
254,2024-05-16,-0.29213486422861906,-0.2779156034000331,-0.2656491964716458,-0.24858300419176577,-0.29792355978736773
255,2024-05-17,-0.22294917323920344,-0.24989118721771264,-0.2461302587156877,-0.2875039755905638,-0.45005707617342466
256,2024-05-18,-0.22717073342245228,-0.2525972051492266,-0.1865942078276253,-0.21781645934167457,-0.9362505940080463
257,2024-05-19,-0.25234865640606596,-0.2410814619926094,-0.2145975121374587,-0.22268840505101364,-0.8272847986162855
258,2024-05-20,-0.055853840865324474,-0.09892950128097845,-0.20885311328953268,-0.24772344105413147,0.22944437903450687
259,2024-05-21,-0.10570756555029301,-0.08156415215716892,-0.08914154012993841,-0.05158964762651013,0.36179991193543515
260,2024-05-22,-0.14425509866619754,-0.13118688800211142,-0.09737032897826783,-0.10125590001579018,-0.2451126298594795
261,2024-05-23,-0.18959002874831873,-0.15303608509886932,-0.19841313300170746,-0.13976682092918585,0.1454708932795355
262,2024-05-24,-0.16691677342635686,-0.18383451403130124,-0.18816833757327375,-0.18508185018646484,-0.3999717709598561
263,2024-05-25,-0.1387967938699339,-0.17036597140780685,-0.11517793528571815,-0.16234066389582574,-0.9894791177504116
264,2024-05-26,-0.16722113434552618,-0.1731080383164221,-0.12797549565758287,-0.1343364707238068,-0.9828057382410085
265,2024-05-27,-0.13390860903933374,-0.13215522800489732,-0.12610135955398077,-0.16290055193197206,-0.5428495608356549
266,2024-05-28,-0.1756541588376319,-0.1727923899559498,-0.1648624219705562,-0.12947876699948893,-0.2485616330899022
267,2024-05-29,-0.20294865219377128,-0.1976336521521148,-0.16970740416702673,-0.17109740772772125,-0.5069366999565408
268,2024-05-30,-0.17304021818256124,-0.17332140136788338,-0.16906793278355722,-0.19845210704116872,-0.3865528329409782
269,2024-05-31,-0.2062431735578527,-0.1921152278444709,-0.18775387095826948,-0.16858458749554142,-0.4777190962176083
270,2024-06-01,-0.19805155923870763,-0.23562429163792623,-0.15873066551587475,-0.2017363681286641,-1.1540596608671063
271,2024-06-02,-0.19635396765344817,-0.21426366075928097,-0.16145542205608443,-0.19335585006774558,-0.9191416446236018
272,2024-06-03,-0.1563247165017828,-0.14592535109536106,-0.15087929430460953,-0.19169903247694475,-0.2623489535911429
273,2024-06-04,-0.08931721041243203,-0.1152916337493594,-0.11329566647964141,-0.15179595752772576,-0.23020188908748676
274,2024-06-05,-0.06974101302894421,-0.0894814453881792,-0.04289146357902373,-0.08480996781254739,-0.24475999284539718
275,2024-06-06,-0.08211855503348418,-0.0935960111566753,-0.05336246862073374,-0.0652702610714679,-0.5706766593798327
276,2024-06-07,-0.13588383717037203,-0.08301255902574273,-0.11550806276394829,-0.07756228097685763,-0.09967900871600134
277,2024-06-08,-0.1372830065861045,-0.1720916330108345,-0.08838519879979619,-0.13206190703271098,-1.04149120067845
278,2024-06-09,-0.12427595711947778,-0.1614299282222918,-0.09030903475185446,-0.13307546163338713,-1.0727682860508498
279,2024-06-10,-0.12943405812132175,-0.1491046950270261,-0.08754933771212409,-0.11990370244491637,-0.7693571636411354
280,2024-06-11,-0.21230099513050937,-0.17148788591466652,-0.2074100104170869,-0.12507769691991363,-0.05982844662346885
281,2024-06-12,-0.1777457864616598,-0.15541385218198125,-0.17738136197986354,-0.20812567865880466,-0.17228975414292003
282,2024-06-13,-0.23417964575032774,-0.21589114018890265,-0.20043305532744768,-0.17311976960073314,-0.4103710446629192
283,2024-06-14,-0.2625071846067501,-0.25607402641225596,-0.24853693622577783,-0.22991799269740562,-0.4770060206726121
284,2024-06-15,-0.25566930826857365,-0.28955414754368636,-0.21711925232700494,-0.25805362752284944,-1.047544254620794
285,2024-06-16,-0.23863994366919816,-0.27107245245419537,-0.2114718434863692,-0.2511180775255412,-1.0836307708747792
286,2024-06-17,-0.24429363332869442,-0.2600628603825695,-0.24706913403470535,-0.23413569721983285,-0.36522020176615105
287,2024-06-18,-0.29558735633318645,-0.2837575892582447,-0.2867040101505012,-0.23966307094816888,0.041763585643417485
288,2024-06-19,-0.30244586982636995,-0.31607066139116013,-0.26255530560244794,-0.2907183619390489,-0.7476344256550816
289,2024-06-20,-0.3074492664000313,-0.288174614737054,-0.2681632557755215,-0.29779618343255854,-0.5527238360883696
290,2024-06-21,-0.33528849156711316,-0.34187322964335953,-0.31323228320039576,-0.30244129585963275,-0.5292254481988274
291,2024-06-22,-0.3293448424563303,-0.3618338120373474,-0.29199373068785384,-0.32994256893559015,-1.2306589367782583
292,2024-06-23,-0.3700811017529148,-0.3612247894811158,-0.3208699450632994,-0.3248115971236778,-1.1742918969971567
293,2024-06-24,-0.4804328690442784,-0.40621112863293746,-0.49741721067817035,-0.36566191243081797,0.19944024055710002
294,2024-06-25,-0.4223860453527542,-0.4450109650762827,-0.4342621071888898,-0.47606845068743303,-0.3998039387382442
295,2024-06-26,-0.46014179467259536,-0.4384131230234026,-0.41670269891251766,-0.41821201843288247,-0.6873883813392527
296,2024-06-27,-0.4299815576765506,-0.44367539443684706,-0.42093818024019375,-0.4553721760794227,-0.742122534945822
297,2024-06-28,-0.4788090664233249,-0.44996901829272606,-0.4440684897116995,-0.4249293396805428,-0.5822864178450776
298,2024-06-29,-0.4572493266592995,-0.48855168163011964,-0.43190196680962684,-0.474033033661485,-1.1106159088005878
299,2024-06-30,-0.3891802690713826,-0.42120559807982916,-0.4191022979593428,-0.4524395139971385,-0.9095785090729088
300,2024-07-01,-0.3825787549689708,-0.38802793665871205,-0.3472911375306111,-0.3846415827817405,-0.560143223649955
301,2024-07-02,-0.4138580008663712,-0.409556209934934,-0.3759284914222642,-0.3781546553126004,-0.7885180795577854
302,2024-07-03,-0.48436639986987434,-0.44765792716319575,-0.46589124135200355,-0.4089203100386278,-0.3759437240098064
303,2024-07-04,-0.605848274803407,-0.5147346691691278,-0.567737526258818,-0.48059339636589077,0.11342431785885705
304,2024-07-05,-0.617833265456589,-0.6236210441252482,-0.6857324967738562,-0.5992510879861483,0.726285546520207
305,2024-07-06,-0.5554559055258792,-0.5870297204213076,-0.5962236721266833,-0.61306522004068,-0.7688150428831745
306,2024-07-07,-0.648743863469942,-0.5908346459921817,-0.6056942041584102,-0.5530454896030118,-0.771261734226651
307,2024-07-08,-0.6162094628356355,-0.5998300381034123,-0.6624589613754358,-0.643808918373133,0.0539999885151941
308,2024-07-09,-0.5666421343521683,-0.5957837602346284,-0.5855086860107338,-0.6113363024007092,-0.45786463672569744
309,2024-07-10,-0.5767800253978452,-0.5537587126651762,-0.5522920182034486,-0.5608518776427628,-0.5297800331455589
310,2024-07-11,-0.5918913223314899,-0.556009575625647,-0.5545295656231864,-0.5723970834586029,-0.420997814155078
311,2024-07-12,-0.5708139575071626,-0.5847785643797222,-0.574971565110017,-0.5871591976411088,-0.5542832246687761
312,2024-07-13,-0.5201687459636127,-0.5377158920712006,-0.5284639529807384,-0.5656046950815599,-0.9204528767925819
313,2024-07-14,-0.46103438874383723,-0.47985186182300815,-0.4733761891351055,-0.5156053879383984,-0.6995265513164448
314,2024-07-15,-0.30587208296377,-0.34702750066605753,-0.41632708854267003,-0.4552115086859022,-0.017802942931088687
315,2024-07-16,-0.29724441595213696,-0.32886350550484134,-0.34758195694688043,-0.3044758227615169,0.13351539664409523
316,2024-07-17,-0.33442974836883255,-0.30213846444429787,-0.2932919509717698,-0.29280065883235834,-0.2570318819103887
317,2024-07-18,-0.3399305152250388,-0.33823008484776934,-0.318349710929767,-0.3302891239044396,-0.48407532400411535
318,2024-07-19,-0.2359372187069747,-0.25052219085754257,-0.315142715253931,-0.3353180281570333,-0.06465133323806682
319,2024-07-20,-0.21870088868256413,-0.2442162575948485,-0.20062372201879775,-0.2313478286519309,-0.8367137163432494
320,2024-07-21,-0.18103971395077703,-0.21562385021234673,-0.21825572219503622,-0.21406785020088345,-0.5092941261164323
321,2024-07-22,-0.20267665746015265,-0.21160394964388085,-0.18860690108449918,-0.17654259333416406,0.17783346758755644
322,2024-07-23,-0.265677883040789,-0.23790329038540295,-0.23205209891526876,-0.19812098088942556,-0.12470868965699862
323,2024-07-24,-0.286792810456604,-0.26285152718841326,-0.2450630674242923,-0.2610494884136653,-0.4741256486500154
324,2024-07-25,-0.27139600813390446,-0.300424526085856,-0.30958582037972604,-0.2820130969488446,-0.008300046699873317
325,2024-07-26,-0.19025516870825945,-0.22182515351711266,-0.2220545978843049,-0.26697593443061657,-0.3445046424122233
326,2024-07-27,-0.1940075676697644,-0.17714904072514237,-0.1849857400048617,-0.18570167324290876,-0.16395823973241572
327,2024-07-28,-0.1771878409327631,-0.21828942295003972,-0.17031133262857,-0.18961940595582674,-0.8790839045504678
328,2024-07-29,-0.23176554402072141,-0.15505189700539512,-0.191641302741151,-0.17251389182128915,0.09757753879030982
329,2024-07-30,-0.2552886344165004,-0.2675900626499878,-0.2382698511683395,-0.22720311430273737,-0.306195844720932
330,2024-07-31,-0.3154083786706792,-0.2742474001691408,-0.2687724554331132,-0.25066559779309655,-0.3099631507916544
331,2024-08-01,-0.28734897436060797,-0.31990123155956557,-0.35679766430106846,-0.3104984021773613,0.10594801516809496
332,2024-08-02,-0.43719298136722945,-0.32252797104956815,-0.39782202769521796,-0.28286286872177685,0.1955203709894339
333,2024-08-03,-0.4651278204035529,-0.4491334440348742,-0.449808370391584,-0.43244895941773126,-0.29019392196695176
334,2024-08-04,-0.5625467725988188,-0.4898509102113393,-0.5510431965567861,-0.4605043347234202,-0.2899410691648969
335,2024-08-05,-0.7193495094988381,-0.5946721035667812,-0.862936704021957,-0.5579497764866699,3.0274697719893475
336,2024-08-06,-0.6417045150501495,-0.6400236217874501,-0.6758663238272977,-0.7143818113575074,0.4635349162139853
337,2024-08-07,-0.6799730754016057,-0.6150028474085653,-0.6509121805230517,-0.6365527753588369,0.1343837245045447
338,2024-08-08,-0.4259779496051752,-0.4294235925344649,-0.6452747116521071,-0.6749341832209459,0.29163353435508194
339,2024-08-09,-0.4575254785176678,-0.4640081898464336,-0.4593957723699837,-0.42054651714427593,-0.2183528164109731
340,2024-08-10,-0.4550283827618099,-0.47478800632417806,-0.43241854402236835,-0.45271352385478614,-0.9777634608223525
341,2024-08-11,-0.5396466570405201,-0.4630029216232025,-0.5071668148892589,-0.45029579854342505,-0.6764887935431586
342,2024-08-12,-0.5155103907441707,-0.5042060232066338,-0.5326102757923963,-0.5348170839619582,-0.06143914869225433
343,2024-08-13,-0.46780842352335866,-0.4707407026714929,-0.501097107942347,-0.5106318197317725,-0.3514172869079037
344,2024-08-14,-0.5389706788624821,-0.46641306693265017,-0.5023840328061592,-0.462974577354547,-0.367138442810449
345,2024-08-15,-0.5837126247928168,-0.5357812636334314,-0.5914955598768854,-0.5342904272241946,-0.12142514330610697
346,2024-08-16,-0.5330096589089953,-0.5354544781906025,-0.5549289716780524,-0.5788389113085091,-0.39337276482847927
347,2024-08-17,-0.5107800281853154,-0.5411826020357747,-0.489199867855546,-0.5282036105217441,-1.070377673011696
348,2024-08-18,-0.5485982828451421,-0.5198725276494056,-0.5034432420006814,-0.5063810322649731,-0.8920791780591791
349,2024-08-19,-0.5102296545622127,-0.5442590744961995,-0.525831818885379,-0.543881959073948,-0.541122090300565
350,2024-08-20,-0.528498584680683,-0.4773458717522392,-0.4970631369093204,-0.5054194015680201,-0.29619157829296505
351,2024-08-21,-0.4463101498181314,-0.46091369289745815,-0.48886778250449786,-0.523590839268989,-0.2481798556111217
352,2024-08-22,-0.47646103328348943,-0.4769039054313551,-0.45062856849671235,-0.4418103941969857,-0.46747674968241115
353,2024-08-23,-0.3353585688128926,-0.34414226363293837,-0.42916124607567063,-0.4717133703511554,0.1727391440184984
354,2024-08-24,-0.3321416966003846,-0.3603962491700154,-0.3039396163839013,-0.3303220584948012,-0.7335816072847967
355,2024-08-25,-0.326267530860417,-0.3422905771506135,-0.2957042008891111,-0.3275687564113778,-0.845385978386077
356,2024-08-26,-0.38148869747212155,-0.36129967170590754,-0.3336408482437194,-0.3212696451197049,-0.4650581852241195
357,2024-08-27,-0.5098237410241595,-0.40927719671379237,-0.5161144442729863,-0.3768141284724789,0.02555268123814289
358,2024-08-28,-0.527934848870885,-0.5208580128973983,-0.5248307434529904,-0.5048697499586078,0.07648218461654861
359,2024-08-29,-0.5142308871337311,-0.4853081529343474,-0.490302752674469,-0.5231168482050018,-0.2699214729277142
360,2024-08-30,-0.5244437548936426,-0.5335964904643129,-0.5295400300026154,-0.5094015199215549,-0.2670106770684357
361,2024-08-31,-0.5301289199262431,-0.5510141545670865,-0.49097520668464123,-0.5196983267378794,-1.1213299745625827
362,2024-09-01,-0.5926296573807722,-0.5649141125913378,-0.550772558291102,-0.5253069984640448,-0.5977676724875257
363,2024-09-02,-0.5247096624088778,-0.5521217080993286,-0.5539262395840486,-0.5876995029478509,-0.4927885260341663
364,2024-09-03,-0.5886184774036028,-0.5366662220591009,-0.5427784129697263,-0.5201270698286221,-0.5086596542490074
365,2024-09-04,-0.5680745607658977,-0.5855657802536577,-0.6103269830625331,-0.5837733140563266,-0.12376320703469351
366,2024-09-05,-0.6369089747139697,-0.5934808753763081,-0.6088121919238293,-0.5632133767840922,-0.3212387380576557
367,2024-09-06,-0.7209725697760864,-0.6431676494448005,-0.7288630795033381,-0.6320121041552516,0.46616409173092205
368,2024-09-07,-0.7137155661819027,-0.7233720807378953,-0.6848574782298247,-0.7159868533985958,-0.8353432652639504
369,2024-09-08,-0.6870385543198243,-0.7060136190202799,-0.6881852595979693,-0.7084348924870882,-0.8694141323768584
370,2024-09-09,-0.6042583230554147,-0.603214245734214,-0.6517632527764633,-0.6816997195220634,-0.1671286263758623
371,2024-09-10,-0.5803446114019115,-0.6036324724848119,-0.5815552889744469,-0.5993540456695309,-0.41456219784017684
372,2024-09-11,-0.5919575393900018,-0.6050826378400735,-0.6144070394095826,-0.575420241487376,-0.06270951204836597
373,2024-09-12,-0.5621653564030403,-0.5847108626422393,-0.5464437014905689,-0.5870841305117261,-0.20073513039142535
374,2024-09-13,-0.4692628233107648,-0.5054180601562467,-0.5341056388085217,-0.5571891654741309,-0.2585156311800057
375,2024-09-14,-0.4907821795772223,-0.5050917143350899,-0.46209372111314734,-0.46456715765874174,-0.948443955552456
376,2024-09-15,-0.5220355919136785,-0.5154008425427151,-0.49376954301268955,-0.486153853038599,-0.8757423642871018
377,2024-09-16,-0.5596759810217176,-0.559532996785905,-0.5398416037427702,-0.5171254231313913,-0.27817582828098836
378,2024-09-17,-0.47924987011552667,-0.4803559613401969,-0.5349555062171224,-0.5548275179787908,-0.01861717329915138
379,2024-09-18,-0.428275800310533,-0.46730183541281006,-0.4736459237671813,-0.47444605122710015,0.10659869554516803
380,2024-09-19,-0.3792159379840026,-0.3844560105739805,-0.3814371925040268,-0.42347280000410276,0.18045979355307107
381,2024-09-20,-0.3696181762182953,-0.3751865876205572,-0.35233823244413676,-0.37447013510440474,-0.14311456013949275
382,2024-09-21,-0.36194575708663074,-0.3968013198255993,-0.3362029507344362,-0.36524459259889436,-1.0352014684243334
383,2024-09-22,-0.3522966251365173,-0.3799175029731509,-0.3494033810899987,-0.35717546960630414,-0.7871550794927613
384,2024-09-23,-0.36441776162524975,-0.3521517308745044,-0.3421800352364979,-0.3478214525275816,-0.30534564767906636
385,2024-09-24,-0.3274676036943904,-0.35359017298518025,-0.33796443384820424,-0.3598326382908344,-0.36814188253386926
386,2024-09-25,-0.37151219194797475,-0.3494902612724164,-0.32994664344741154,-0.32277499326564474,-0.576895257999162
387,2024-09-26,-0.29405664361287637,-0.31249008941354656,-0.34059189916992094,-0.3669837466655991,-0.07026648569452333
388,2024-09-27,-0.27088527566466425,-0.28660897542262237,-0.25639839801233566,-0.2894269402764485,-0.27705940307051147
389,2024-09-28,-0.2671990937616713,-0.29505586622779556,-0.23307094580862042,-0.26620241661915206,-0.999334156769923
390,2024-09-29,-0.276790174434031,-0.30204057535200657,-0.23338013910825842,-0.26252917131576486,-1.0188962976021192
391,2024-09-30,-0.36442919371831123,-0.3183326614339875,-0.33271326834480547,-0.27218494045212427,-0.059964990993824754
392,2024-10-01,-0.459163831075245,-0.3755073649005357,-0.4362080821643513,-0.35949973189096357,0.5030712349387204
393,2024-10-02,-0.46692592532650873,-0.4412810682707577,-0.4436232995540132,-0.4544190015610761,0.09680607965646755
394,2024-10-03,-0.46211345955384825,-0.4746181658182415,-0.44817836596782273,-0.4621605588981785,-0.10319837297220583
395,2024-10-04,-0.41239617764191216,-0.43721808477843904,-0.42577262004456756,-0.4575218256935617,-0.38329865814593106
396,2024-10-05,-0.41154203697460434,-0.44078077880805927,-0.37836378399661696,-0.40765648222200596,-1.0825882745569786
397,2024-10-06,-0.3838340581746179,-0.41870180611742003,-0.37282857632901106,-0.4069964552286792,-1.0194109224654047
398,2024-10-07,-0.4059658479979405,-0.36302533330893516,-0.3605140081207796,-0.37911554423950017,-0.18278670796882732
399,2024-10-08,-0.40994495872704134,-0.41064617860029745,-0.3724270617957257,-0.4018064385205331,-0.44562442810918834
400,2024-10-09,-0.4688523072417389,-0.43561082794572786,-0.4313757508383969,-0.40522139949140024,-0.4655331792444119
401,2024-10-10,-0.4805436267251078,-0.48333337238387186,-0.48610100700150255,-0.4640805565038504,-0.34604311183170994
402,2024-10-11,-0.3980438529125571,-0.4021466797350456,-0.44172732563821065,-0.47571981876243463,-0.3514411938024423
403,2024-10-12,-0.3696163945934026,-0.40034921325893,-0.3493053368434988,-0.39333824323932776,-0.9348832268358005
404,2024-10-13,-0.38260176762383485,-0.4069567269885934,-0.3650216337701536,-0.3649177687134597,-0.873312521507023
405,2024-10-14,-0.26117571693694014,-0.2865415667662541,-0.3493484100454941,-0.3780031858677394,0.22327202639257404
406,2024-10-15,-0.22335835308955984,-0.23405191145785773,-0.2580869880150347,-0.25639680993204866,0.44478074313683086
407,2024-10-16,-0.20163262527303139,-0.21553446047238012,-0.18292274447712611,-0.21871845172635124,-0.013479071445328863
408,2024-10-17,-0.20972387472322115,-0.23290655046182648,-0.18721530532772615,-0.19689528005353765,-0.24561360823217207
409,2024-10-18,-0.17099550668070773,-0.19323362537795485,-0.16676457071601541,-0.20441386131265168,-0.07095223505508923
410,2024-10-19,-0.17312603311489289,-0.20455329726887475,-0.13411538481473895,-0.16644027862578542,-1.0337031693039191
411,2024-10-20,-0.14884011032755687,-0.17863085884078567,-0.13098941495244668,-0.1685213886870098,-0.8390217813483654
412,2024-10-21,-0.21093953677500568,-0.1747396208816488,-0.1801805176871561,-0.1442978491220797,-0.043399694441506396
413,2024-10-22,-0.21118451019775172,-0.23705687212630921,-0.18976084120229084,-0.2066320504797052,-0.2878124814422523
414,2024-10-23,-0.24650195738319405,-0.2520189561100327,-0.2434808049761692,-0.20656855496315232,-0.26824671625898727
415,2024-10-24,-0.18079147421572772,-0.19964067162520133,-0.19466757169532814,-0.23348293957302735,-0.3047381433323036
416,2024-10-25,-0.23851196361440602,-0.20252195206327275,-0.23061276118285753,-0.17607468478461305,0.12718562707569966
417,2024-10-26,-0.22436229871659538,-0.2552009377717296,-0.1982727685812191,-0.23443121840902295,-0.8127233237625849
418,2024-10-27,-0.1896001246227107,-0.22131079616091132,-0.17951062397220735,-0.21943945221805,-0.9358627014194043
419,2024-10-28,-0.11440278583910751,-0.1466214187426421,-0.1529883751463681,-0.18528924909333622,0.012493645773352671
420,2024-10-29,-0.007496384152740471,-0.020387572610705427,-0.0683685095312694,-0.1098114758092611,0.8604872354911087
421,2024-10-30,-0.021975649655700306,-0.045594013875717654,-0.003525870278499527,-0.003269262821734464,0.09181981280407893
422,2024-10-31,-0.10271799898034512,-0.05470942270339524,-0.07374362344460585,-0.017713306005433364,0.0910154715048393
423,2024-11-01,-0.13056717155307793,-0.09609892387574052,-0.10500392448993416,-0.09815767485763435,0.4931434160392029
424,2024-11-02,-0.13791013854833434,-0.15956065687308826,-0.09521034344324202,-0.12591530366397358,-0.8730083058627365
425,2024-11-03,-0.15874446004354933,-0.17853150434292114,-0.15501673138578573,-0.1331175941724082,-0.156381106261637
426,2024-11-04,-0.19407705104057962,-0.17584834673834948,-0.18119078006122896,-0.1541672480337573,0.114936724277637
427,2024-11-05,-0.1352385920217331,-0.13497232367886158,-0.15592879890775732,-0.18952386597297613,0.3237808314962192
428,2024-11-06,0.10343322347882167,0.08776434107211555,-0.08409444521641274,-0.13075846869524896,3.43989308868355
429,2024-11-07,0.11353503662042155,0.10588232249833252,0.11478748047786091,0.10769360297477165,1.072067957182541
430,2024-11-08,0.13788361321648412,0.11749800631504352,0.15983210979531118,0.11778642302646947,0.7159471802391664
431,2024-11-09,0.14675432355722942,0.10549399002142837,0.1646532963067633,0.1425998181376947,-0.4080396779815272
432,2024-11-10,0.28720604953576817,0.275871420560026,0.19517502748291252,0.1509307859590603,1.8926107433907438
433,2024-11-11,0.599909130327655,0.5808662825149702,0.33851571586579093,0.29129474629174906,3.4130122518566983
434,2024-11-12,0.5715676354095732,0.5940857061910166,0.5263504194874656,0.604016396183212,4.087662679991464
435,2024-11-13,0.6714660155805111,0.72454079961718,0.5688311390469826,0.5745604106630935,3.653217445435086
436,2024-11-14,0.5447574470867657,0.6619243125544675,0.5852510653432959,0.6750106145577973,2.109360096310031
437,2024-11-15,0.6897799317275222,0.6658079304046236,0.6022957036741431,0.5500342289164627,1.7067290585753556
438,2024-11-16,0.6704896851393124,0.6618765403327803,0.7167782503537419,0.6936005589227748,0.2501711542984309
439,2024-11-17,0.6434042357705829,0.649462796640892,0.6646301572414912,0.6743869342970769,0.3368074179841272
440,2024-11-18,0.6698877928630624,0.6931201594783575,0.6897653284785988,0.647242007554671,1.5904389065296964
441,2024-11-19,0.7383458385525519,0.7458683123298705,0.7296077391130996,0.6735647563701233,1.546852591113441
442,2024-11-20,0.8141985183591859,0.7795996039765514,0.7755852195255123,0.7421191446857623,1.4270076973342902
443,2024-11-21,0.9725107369495439,0.9338660725620185,0.8724779355972595,0.8178010530884748,2.900044052005988
444,2024-11-22,0.9912463043211602,0.957923342776509,0.9916154002043842,0.975860086393975,1.7166286524833352
445,2024-11-23,0.9448619971772396,0.9338833643477825,0.9920096856688033,0.9952410543436724,0.2536698168255711
446,2024-11-24,0.9538523733232779,0.9200968287148986,0.9363048906743068,0.9485786739617826,0.5671194400554861
447,2024-11-25,0.7671752017537509,0.9308954023839804,0.8150429834540824,0.9582765756371631,1.821258903365589
448,2024-11-26,0.724721159123123,0.782965640578245,0.742864044146775,0.770428056995631,2.2828852614999864
449,2024-11-27,0.8758869833313856,0.8718533325954738,0.7817217953594379,0.7283044192151882,1.4013426635875184
450,2024-11-28,0.86410212854115,0.8451814857572384,0.893480790343638,0.8793379999929338,0.5906575611467947
451,2024-11-29,0.9328606749625412,0.9218221972368117,0.9216464474917616,0.8679067300572635,0.707005261803457
452,2024-11-30,0.8943787650301843,0.8770364721079643,0.9500359045635394,0.9368325968155392,-0.29529694379816906
453,2024-12-01,0.9259533152535495,0.8916213606971402,0.9356151170199756,0.8985700205159509,-0.08239810728743122
454,2024-12-02,0.872191596366447,0.9015430356712051,0.8859824386620131,0.9295101395584882,1.4678063615402936
455,2024-12-03,0.8773933471781621,0.831938908673135,0.8530832474624419,0.8755267854596537,1.226708137617659
456,2024-12-04,0.9825374249081683,0.9411104515538047,0.8928319814128828,0.880613547776396,1.6619157429398106
457,2024-12-05,0.8998715145743735,1.1171707249053617,0.7902084209973339,0.9851690038534637,4.755406999343478
458,2024-12-06,1.0263294678332127,1.0473719920471678,0.9643265688675088,0.9218467647849918,2.406516997529062
459,2024-12-07,1.0264292388272038,0.9919820060282479,1.0613313355066845,1.0298004178297246,0.2434840329840755
460,2024-12-08,1.0763215653848475,1.0233668902710837,1.0513314247860985,1.0299980253718939,0.24126079131580697
461,2024-12-09,0.931765866465978,1.0185843926423126,0.8810877566170863,1.079945556965343,3.0998635117477424
462,2024-12-10,0.9029828255119892,0.905953027203263,0.879751583721622,0.9357852175004377,2.848468419156804
463,2024-12-11,1.0739276554040251,1.0426255433954978,0.93472985729505,0.9059654679462358,2.0137753296372884
464,2024-12-12,1.0309774302407806,1.0655676399687655,1.0732475518992597,1.077315240356738,1.441741996107226
465,2024-12-13,1.0848065539363236,1.0417043894521696,1.06913481413671,1.034735265639574,0.7897371424645947
466,2024-12-14,1.081526879446348,1.0690928196157112,1.123141681581222,1.088087225069135,0.08221239005265453
467,2024-12-15,1.1927278879365644,1.160202359563061,1.146003913082267,1.0851284526809784,0.5428030465932613
468,2024-12-16,1.258520622786577,1.2627306328180807,1.226813456982392,1.1960278229609316,2.2555622969253544
469,2024-12-17,1.262735056470255,1.2810326691842944,1.302718680079102,1.2620008514914764,1.2920645756581823
470,2024-12-18,1.030921902931625,1.213587963838926,1.10029722154114,1.2664295154170304,2.377775937409715
471,2024-12-19,0.9339792384576736,1.0739421397386215,0.9285785221121888,1.035648236221038,2.5219289731508296
472,2024-12-20,0.9440504670386155,0.8995289822513671,0.7970094687445586,0.9374358042227918,2.8832739576259683
473,2024-12-21,0.9238604998795932,0.9523562670038341,0.9609201713754425,0.9477470013781482,0.5694094618676573
474,2024-12-22,0.8432915620445043,0.8718190421050603,0.8751608237802849,0.9273192475293919,0.1992618821337702
475,2024-12-23,0.8273777915654401,0.8364034132925168,0.8057982092188276,0.8468452078750635,1.1481539839099888
476,2024-12-24,0.9790240606197671,0.948490820182786,0.8460837015325953,0.8310822975367962,0.3696582000440557
477,2024-12-25,1.0027069033809248,0.9512926756387887,1.0059117875212062,0.982676656474752,-0.20654734419072093
478,2024-12-26,0.8695390538387012,0.9665167741390045,0.9112365883242128,1.006291054472004,0.3670821436620631
479,2024-12-27,0.807561074821438,0.8693647808510262,0.8407911194888164,0.8698445301442119,0.5975269947766779
480,2024-12-28,0.8455337369719652,0.8030038894676137,0.8679163931425906,0.8111755629733992,-0.6186008319352088
481,2024-12-29,0.7834399523366766,0.7898354619055153,0.8242528171898166,0.8496808464343907,-0.38113324158192025
482,2024-12-30,0.749726264492145,0.7796482554415823,0.7639274423449093,0.7871353889656172,0.7593796739573888
483,2024-12-31,0.7796002537554295,0.8241883785963575,0.7869408818697422,0.7535643598984326,0.21975621028749523
484,2025-01-01,0.8172492540504498,0.7806441450691448,0.8206415960798703,0.7832580085435926,-0.6008844425057572
485,2025-01-02,0.9110194384654695,0.8860578018978409,0.8751370280952665,0.8209019486188222,0.3221775918674048
486,2025-01-03,0.9574102782339966,0.9317163225861,0.945810212599953,0.9145358791407704,-0.12446288698191957
487,2025-01-04,0.9623055895641675,0.92336995860325,1.0047361601968154,0.961069784949448,-0.6944068078501454
488,2025-01-05,0.9652981255089366,0.9263289055367022,0.9942796132928382,0.965889806755064,-0.7724689354757283
489,2025-01-06,1.1083269718947635,1.0639905704908628,1.0187382641685363,0.968967855767773,0.5719050061801563
490,2025-01-07,0.9123811937584553,1.0726042244502687,0.949598545897125,1.118371916092675,0.8666667392442711
491,2025-01-08,0.8409573364975873,0.8679946266400624,0.8105293335806532,0.9161475971123374,1.0896018553941182
492,2025-01-09,0.7436764602315055,0.7963946172512624,0.760215014270834,0.8447219652748179,1.0424129798162896
493,2025-01-10,0.8279559288431207,0.8121840692216277,0.7998977829678695,0.7479147424653312,1.0115477930213592
494,2025-01-11,0.8228301940268274,0.7824380945718846,0.861198479687329,0.8317086481697081,-0.8439594611154112
495,2025-01-12,0.819859631455735,0.7970631352737668,0.8562812068021949,0.8265773796497745,-0.7570109076411793
496,2025-01-13,0.8209271217039434,0.8146746725338778,0.684618532656958,0.8236592562605327,1.480615767280215
497,2025-01-14,0.8976091478981286,0.8715338741805112,0.8797862230099399,0.8248030656825487,0.6555034359442224
498,2025-01-15,1.0485178242468784,0.9970033647654546,0.9638163170900254,0.9013314820699594,0.828875393803555
499,2025-01-16,1.020103579645678,1.0001677615602727,0.9970817811121584,1.0521541034445783,0.6698545392064044
500,2025-01-17,1.198936256812654,1.1915901746170434,1.0967257603099587,1.0339421650987055,1.4337950864339308
501,2025-01-18,1.196885012686194,1.1551628297967464,1.184542982842405,1.1896236770297273,0.5127243255960453
502,2025-01-19,1.0707569569699862,1.2071800383483358,1.0821374993376576,1.2004983227174852,1.644309493225923
503,2025-01-20,1.1059924494103643,1.3127862494693534,1.0783139243297624,1.074122958755838,3.7700795716067046
504,2025-01-21,1.2629503361447896,1.2402348987824168,1.1027035978400272,1.1109177204741778,2.1573468598594525
505,2025-01-22,1.1681889744144653,1.2069754677303137,1.2282508368419853,1.266015014311309,0.6601641420620724
506,2025-01-23,1.1798612898989789,1.2267074468548786,1.1471903840099573,1.171876976861214,2.817573285139943
507,2025-01-24,1.2125220374319257,1.2371446515096036,1.2055750550754516,1.1835743938919683,0.5961651334154253
508,2025-01-25,1.2085374333594059,1.1675645571629345,1.2575568796037762,1.2161737041894765,-0.6279836343071139
509,2025-01-26,1.1312995401986987,1.174874586324401,1.1953805619178797,1.2119649009076874,-0.6857822199108176
510,2025-01-27,1.1086919080602846,1.0914223766593716,1.0137179770520568,1.1347579132756203,2.1690616426358535
511,2025-01-28,1.0799878524765387,1.1108064685008534,1.1078790087259307,1.1125445705548298,0.37248162785779065
512,2025-01-29,1.1700947191746884,1.1490705526666283,1.1481934173151638,1.0830013528764564,0.3832786668529421
513,2025-01-30,1.2093225360621216,1.2116430775621443,1.2267619498667193,1.173839107005907,0.14633269754001144
514,2025-01-31,1.1207532116463705,1.1969219062546586,1.158220135832796,1.2128897398100023,0.3102879931489052
515,2025-02-01,1.0542727695877765,1.0742264284198266,1.1101739368797952,1.1242185476519033,-0.461797814866847
516,2025-02-02,0.941505712816878,1.0245175267271787,0.9528064452065692,1.0580879671620613,1.0559243018472
517,2025-02-03,1.0827603577470595,1.0651646534361292,0.7610650322850361,0.9448950438776508,3.3027952071386255
518,2025-02-04,0.9484552376483302,1.0363327987829627,0.9524992097797492,1.0860850393415697,1.4816093715410854
519,2025-02-05,0.9007029395242995,0.9375797033656806,0.9512160500559715,0.9523732728458714,0.45603635794244507
520,2025-02-06,0.8998611217624994,0.9396579415496258,0.9331924753161389,0.9042404075105416,0.2918053227024865
521,2025-02-07,0.8974205925969847,0.9766295379998178,0.9311309858444171,0.9031268623066957,0.7401916677153206
522,2025-02-08,0.895648172766232,0.8537198178701807,0.9330051219480192,0.9013015145598106,-0.6899001732493074
523,2025-02-09,0.8963186576008508,0.8705066248736817,0.896098918118069,0.8993287029263517,-0.4628735075566873
524,2025-02-10,0.9319496707674081,0.9083187779606745,0.9182906534817599,0.900017955659774,0.06743602689232098
525,2025-02-11,0.8677114036362749,0.9143090628628963,0.9011026386183966,0.9356674244159915,-0.04382186566473917
526,2025-02-12,0.9489888343036934,0.9014838332860469,0.8712673677733481,0.8713909723510984,0.46525140901759326
527,2025-02-13,0.9010230381300209,0.8999856026279834,0.9163192261596648,0.9527812463751247,-0.058490673077927526
528,2025-02-14,0.934663976291434,0.9265601465361569,0.9576923921266158,0.904723744877199,-0.2496044936554577
529,2025-02-15,0.9373770940655316,0.8948818880975618,0.9922913181433883,0.9383354229432982,-0.9218615670994538
530,2025-02-16,0.8839636828449516,0.885524101188073,0.9468264991980813,0.9410740379796685,-0.9437899216115824
531,2025-02-17,0.8686978299518655,0.8595131522633612,0.9153104698416057,0.8878475860431071,-0.4798982719398842
532,2025-02-18,0.8598101941746396,0.8468760807621137,0.8438020266716525,0.8724588245196679,-0.050826023113463646
533,2025-02-19,0.9014693351656419,0.852886588261246,0.9063819673692538,0.8632952939906041,-0.4088389397427357
534,2025-02-20,0.9660193866529974,0.9245991407980696,0.9615427749315573,0.905077420838559,-0.29384532607726116
535,2025-02-21,0.8820828808332264,0.9520136551808145,0.9002514157593834,0.9699446185738111,0.47677422094239125
536,2025-02-22,0.8992705131105699,0.8564340420729046,0.9354283660742614,0.8861459655410937,-0.8657400002375332
537,2025-02-23,0.887722317493581,0.8459944927692626,0.9163478412239274,0.9029933436971219,-0.9239142110981203
538,2025-02-24,0.703164982608883,0.8396762500997534,0.7660329086522346,0.891605689840579,0.23785578801147134
539,2025-02-25,0.6012275327482518,0.6899047665695912,0.5592426828293732,0.7077570920338581,2.3036140631497695
540,2025-02-26,0.4344047889829557,0.5689273302288061,0.40979041914239867,0.6014842899296493,1.1205986934406251
541,2025-02-27,0.4479813645402817,0.48318938095066327,0.4488490782273056,0.42822460798619844,0.6078211770748356
542,2025-02-28,0.4353924030484748,0.409493841592154,0.2600818247218713,0.45210426295447054,1.9372816104489576
543,2025-03-01,0.498444108001071,0.46523962808425234,0.4738818376554733,0.4395045568310184,-0.40025869153656907
544,2025-03-02,0.8107344456928159,0.784904665232734,0.5219205063284049,0.502639869846087,0.8543219423400681
545,2025-03-03,0.4997271748612959,0.7618825575151682,0.5235048772549473,0.8145265833656815,1.3557591230510309
546,2025-03-04,0.543684315026397,0.5548603159692074,0.38655498696112806,0.5036961504018268,1.2708401255511155
547,2025-03-05,0.6729634713028241,0.6331516602864592,0.5735673839992551,0.5477089281537288,0.5150151476364799
548,2025-03-06,0.6478084125053334,0.7009287196158347,0.6303345509059027,0.6768137092030868,0.3969276774560592
549,2025-03-07,0.5254585893115745,0.6403846091147742,0.5094853030334662,0.6517828271122669,1.1785083101789562
550,2025-03-08,0.5031069172827448,0.4774303370478961,0.5299119407489558,0.5294679124217709,-0.8720845430591521
551,2025-03-09,0.2920274234328921,0.46331994678332994,0.3296185393585266,0.5071231280475555,-0.326862872829385
552,2025-03-10,0.2133873914816314,0.3689636542479468,0.2281459069487417,0.2960699651861524,0.6680211710246213
553,2025-03-11,0.37797003888184144,0.35477676981245837,0.19744284662852812,0.21732988720815627,0.6955862115215365
554,2025-03-12,0.4106625587253748,0.3840687618156169,0.3520870878175582,0.3819102661132645,0.07922777749588088
555,2025-03-13,0.3097263820544401,0.38193483821988927,0.3249675371766365,0.4148585050437924,-0.3048020797235396
556,2025-03-14,0.420040735223057,0.4180084341348101,0.3583450517661981,0.31391398558564404,-0.38318526451239243
557,2025-03-15,0.4342560233044154,0.39585179494878997,0.4679196631079484,0.42410570723485586,-1.067765773662685
558,2025-03-16,0.3672318887160661,0.4100671082523989,0.4053954464828586,0.4379646422006,-0.7378905117100373
559,2025-03-17,0.42409185329157106,0.39782716166149484,0.42368017133548824,0.3712367884639311,-0.5762763865452216
560,2025-03-18,0.37250787389831025,0.37345746697879306,0.3730896413527339,0.42818128861509225,-0.6191017409376037
561,2025-03-19,0.5296985596187146,0.48395490882211506,0.42667089736773917,0.37664755593990595,-0.1536469886470114
562,2025-03-20,0.42756988201960044,0.4997889091219064,0.46821274160823845,0.534416408800599,-0.4072017105580323
563,2025-03-21,0.42285867192834165,0.3999634299061396,0.4498557260669453,0.4315545621089702,-0.8366763015268983
564,2025-03-22,0.41484818947328755,0.389894628212523,0.46927631836520073,0.4270624026668634,-1.2304435109484644
565,2025-03-23,0.4992978032621556,0.4492013502475537,0.4739080430301138,0.41892132797911397,-1.1131195906141091
566,2025-03-24,0.5542018406429599,0.5491376141246561,0.5412359759168954,0.5039566600445063,-0.1686531080372546
567,2025-03-25,0.5531676073927484,0.5410221980601461,0.5722682600817308,0.5587176858671032,-0.3652422983321663
568,2025-03-26,0.5314718702619138,0.5316345168769636,0.5535835267518296,0.5567205441758998,-0.5070667152717976
569,2025-03-27,0.5419703918796211,0.5126736341650286,0.5526768810315078,0.535301488828063,-0.6054554502085535
570,2025-03-28,0.434637587968935,0.501536844889647,0.46475995759094646,0.5462764218270121,-0.18514671990119505
571,2025-03-29,0.3679121724875948,0.3919001822800363,0.39059934978065,0.4386767414516605,-0.9252063817697306
572,2025-03-30,0.3579136935897714,0.3520473053917728,0.3882517096663017,0.3720209877641615,-1.0199466726675843
573,2025-03-31,0.3660622519740096,0.36574474436580473,0.3774809994778408,0.36211153326961176,-0.4082652759453217
574,2025-04-01,0.46565300491347494,0.4264145866650476,0.42125903568766543,0.370309575897446,-0.443855800713418
575,2025-04-02,0.36366002774368794,0.5381919137360228,0.41795023062529496,0.47014351723196124,0.38982261195353146
576,2025-04-03,0.38711541639354435,0.36721425307463296,0.37702647177286885,0.3678620314299468,-0.07116927749201805
577,2025-04-04,0.4152784518848742,0.3967325036982971,0.39201082547680544,0.39113432507866847,0.2855842571207389
578,2025-04-05,0.4023934437233973,0.37838298819151084,0.41926863205979614,0.41940763242598406,-1.0363961232711727
579,2025-04-06,0.20131925833345674,0.3595396310065484,0.21569835399448958,0.40648748163955467,-0.0951056101218686
580,2025-04-07,0.24011978218412444,0.2625403329792999,0.11310099895358125,0.20583986908427343,2.2659574111595973
581,2025-04-08,0.1274875350301069,0.25146714230579614,0.18100966703929322,0.24370990067171464,0.42118710467415127
582,2025-04-09,0.3670139366041926,0.35339782316805535,0.11899961793732278,0.1318661087600424,1.9631851437462766
583,2025-04-10,0.25497348585203305,0.3218831039914319,0.2680711506640028,0.37084335362772014,0.2667000911072287
584,2025-04-11,0.398594128639718,0.37990085528425543,0.2865847960307336,0.25915088280689824,0.1352091491768701
585,2025-04-12,0.47013557314350407,0.4402506530063064,0.43436834965439164,0.40268991567525314,-0.61213101352929
586,2025-04-13,0.40924171287344785,0.4462154398515541,0.4443013914879638,0.47389806053317785,-0.4171671573244745
587,2025-04-14,0.44183030459824046,0.43758009788966445,0.46988777710681306,0.4137040141330105,-0.1897792697534988
588,2025-04-15,0.40863417878503766,0.4617525489822104,0.4663476418407193,0.4458024812906062,-0.44966862076186603
589,2025-04-16,0.422502346949802,0.4241980141949902,0.44713940344041303,0.4129438481825034,-0.3819098948973382
590,2025-04-17,0.4552607869143652,0.4249779030410596,0.47216674106693096,0.42647047016441936,-0.7401844197193048
591,2025-04-18,0.43834930649538995,0.41169693233093774,0.49333857529806047,0.4594934795163086,-1.1073742340177342
592,2025-04-19,0.4616333622180652,0.43055377124717387,0.4954428367605748,0.44242891108870697,-0.9986613961922114
593,2025-04-20,0.4658480928392254,0.4196250695631899,0.4809223483088959,0.46579348093204526,-1.0242295961767243
594,2025-04-21,0.5549617036596957,0.5379345885173648,0.5259157717218762,0.46979903921926075,0.12401589345803349
595,2025-04-22,0.7800824802263865,0.7389099805059774,0.6007393453894578,0.5590615704637611,0.7469675350313489
596,2025-04-23,0.7898588498875868,0.7658584959164374,0.7888273676326577,0.7833523616943582,0.13790621660948316
597,2025-04-24,0.7991589318274724,0.7463683087114542,0.778562089842436,0.793409576783503,-0.30178521650732293
598,2025-04-25,0.8286798624245205,0.8121008341850686,0.8249007224869634,0.8033543395325845,0.10335695379742649
599,2025-04-26,0.8258836021554304,0.7927047260178863,0.8645605991325889,0.8322332279513227,-0.8975686972984576
600,2025-04-27,0.7919772018850052,0.7945745835293192,0.8544649032495236,0.8301921734729705,-0.8770564526223809
601,2025-04-28,0.8384954278333602,0.8057271991848917,0.8234437638991905,0.795798669770811,-0.2639741409512473
602,2025-04-29,0.8121193621094068,0.8014851431315252,0.8595246490335654,0.8423815324029991,-0.5456355749068824
603,2025-04-30,0.8091746330992585,0.7926282318469642,0.8280254875044447,0.8159715514292919,-0.4365953502113196
604,2025-05-01,0.8960237986811093,0.8747337337902014,0.8732887961551021,0.8131759684528368,-0.24196292170712136
605,2025-05-02,0.9119010458498731,0.8922881202329567,0.9589701300487438,0.8998473485475408,-0.5191848841814086
606,2025-05-03,0.8731985113683037,0.8561986979378451,0.9375853394972596,0.9154058270591494,-0.9765035153386147
607,2025-05-04,0.8133047365380155,0.8327536741718471,0.8740520653429079,0.8763848650571816,-0.8724036749926316
608,2025-05-05,0.829727160923945,0.7905224440382423,0.8506428342976421,0.8172284066074137,-0.5452004360340377
609,2025-05-06,0.907811622846166,0.8541465439731033,0.8442270356787536,0.8335144131871891,-0.5136287679100412
610,2025-05-07,0.9165475235700304,0.881780576110717,0.9378955870361072,0.9114394342307423,1.6526379638911255
611,2025-05-08,1.1525445262316807,1.119761855039935,0.9797100274151086,0.9203285098401265,1.3481638641308864
612,2025-05-09,1.142259205726133,1.1320648140704879,1.189033740664424,1.1559811413294154,0.8457420549453567
613,2025-05-10,1.2078411149638428,1.1569846220053777,1.2078251027601041,1.1459010797226326,0.16183768812109436
614,2025-05-11,1.1854175840643408,1.1560927761735138,1.2284234308611695,1.2115038166426257,0.3340308063587494
615,2025-05-12,1.1362578022750784,1.1864592035429598,1.1300951421970455,1.1889403584567304,1.0627392807384017
616,2025-05-13,1.1878293102940902,1.1583222442126158,1.1571101725506079,1.1397782129955971,0.6056427545464727
617,2025-05-14,1.1638691279246358,1.1322925380965667,1.1996442064930142,1.191233021337124,0.31987985620699494
618,2025-05-15,1.1716693786423515,1.126667432263192,1.154246256434721,1.1673634544415754,0.5111172590892559
619,2025-05-16,1.161963977039377,1.1409179153005584,1.2196611969727438,1.1748387163295833,0.2524608702369862
620,2025-05-17,1.1506298733469942,1.1102859564412446,1.201220444717082,1.1654820288786691,-0.026220732472056876
621,2025-05-18,1.2743429365211494,1.2183358778961693,1.2198587915217574,1.1539997251633396,0.4887314948749252
622,2025-05-19,1.2424227510686008,1.2360256678138903,1.180150419872487,1.2771863680203421,0.99876617448841
623,2025-05-20,1.2874586651062307,1.2449690380272715,1.26087803432546,1.2458492536453387,-0.08561831404641541
624,2025-05-21,1.3971874575601142,1.3731685791951298,1.3349314109475723,1.2908883444428316,1.699996253805844
625,2025-05-22,1.4730211333678926,1.4199006560063323,1.456681882738681,1.400349570943664,1.3594251008514657
626,2025-05-23,1.3063376532817093,1.4134757318110924,1.3624624160914705,1.4765296521140974,1.2473397849843402
627,2025-05-24,1.3254693352544689,1.3255276578474144,1.3645437855025748,1.3093913533575756,0.3176271903645446
628,2025-05-25,1.3727601925312907,1.320229923619098,1.3563734316275817,1.3292832525199088,0.38697234625353577
629,2025-05-26,1.3881525407917585,1.3601294004045899,1.4354986024818464,1.3756744417703528,0.3196389035680891
630,2025-05-27,1.3712113666245715,1.3739094882529514,1.3920823209265423,1.3914972871289177,0.8135947127457411
631,2025-05-28,1.3258939558538954,1.319666621716751,1.3613684170030291,1.3744739611162733,0.4573020438075759
632,2025-05-29,1.243775004362159,1.3051019557244854,1.3059057958155553,1.3290286770376545,0.7522814968180344
633,2025-05-30,1.1813207376235808,1.2075232363335846,1.240801404027583,1.247398959640459,0.8224049944482394
634,2025-05-31,1.2056277429721471,1.1556842210996994,1.2196087862234628,1.1846775543150694,0.02099793745532537
635,2025-06-01,1.2441681495884809,1.1916021909427439,1.2462439892503387,1.2090817890649561,-0.047761857987944994
636,2025-06-02,1.2528883126257933,1.1943694628272186,1.2424113779063604,1.247535742038267,0.31402247461224814
637,2025-06-03,1.2358203461537427,1.2264542247718258,1.2884189794390495,1.2565998753802037,0.33020753482319143
638,2025-06-04,1.2091963376322221,1.195846884726142,1.2618876942771273,1.2393534249355602,0.25926292821225044
639,2025-06-05,1.0892419091066963,1.1935582143018821,1.115539713245846,1.213391769782,0.8148456171964372
640,2025-06-06,1.196211261539272,1.1725533838964155,1.1437885046859326,1.0927559257839004,0.44447073814388244
641,2025-06-07,1.2427817484844794,1.1949113698081963,1.2524266503982875,1.1997144201252763,-0.00618362523882606
642,2025-06-08,1.2495480628894657,1.214580336493113,1.294375129762519,1.246308854370294,-0.08087165868816243
643,2025-06-09,1.4206012749624743,1.367052269413611,1.3069019012630982,1.252974696776263,0.7471460196957344
644,2025-06-10,1.419200026984367,1.3602510290671674,1.4213130608876419,1.4239796944660434,0.6954687035206099
645,2025-06-11,1.3595043094546504,1.3604046035712412,1.4104643369976648,1.4226925750697517,0.5297772339600174
646,2025-06-12,1.2546945833295073,1.3002494117093142,1.3217630595851042,1.3628427099742635,0.7016440112942692
647,2025-06-13,1.2608486126463696,1.202781476979749,1.2074988910275097,1.2579715565625589,1.3333463878367846
648,2025-06-14,1.2373382905623216,1.2035771922060092,1.2675423321866295,1.26494033785825,-0.02152512742458921
649,2025-06-15,1.24036438044257,1.2018269117893514,1.2729599168795558,1.240510882926555,-0.07579987750203573
650,2025-06-16,1.2876742417182472,1.3053018370446732,1.2913792831398212,1.2439574433016878,0.5093297435144756
651,2025-06-17,1.2042223378692902,1.2615908403632277,1.2296490592452192,1.2909948626224694,0.7497618359108152
652,2025-06-18,1.214948610535781,1.1802467631558373,1.2375811550588254,1.2077439325970263,0.37838362868571523
653,2025-06-19,1.2073835343039014,1.1678309678961463,1.2506323352634179,1.2185565663083378,-0.0504786803202283
654,2025-06-20,1.1551344149507,1.2161679568911428,1.1901563548171283,1.2107427605680547,0.5344678010916326
655,2025-06-21,1.1151425779217812,1.1214966021575168,1.1362121393027915,1.158865736712253,-0.006376000371074132
656,2025-06-22,1.0668623249545475,1.0965814835204613,1.032620184870354,1.116973531188405,1.1609539542155847
657,2025-06-23,1.2413430863836254,1.2003172509678168,1.0873508628351094,1.0704666258096636,1.1481005811085148
658,2025-06-24,1.2591254844376483,1.207818955178261,1.2814558800647373,1.2445621342490467,0.4430246025664545
659,2025-06-25,1.3091297564260498,1.2772794724301553,1.325452896818972,1.2626358066570054,0.5633437912937029
660,2025-06-26,1.2938787504070695,1.282424511397742,1.3557170924167574,1.3130586645005373,0.23121986760373012
661,2025-06-27,1.2987601056755809,1.2624264146210795,1.3473753493673912,1.2971020038243772,0.29400544477540264
662,2025-06-28,1.3078544099403597,1.2547514994718802,1.3641076316809715,1.3022528550737151,-0.3638734361118831
663,2025-06-29,1.348061823581295,1.2907061044542554,1.3774527940194625,1.3112641743878648,-0.12774956685143948
664,2025-06-30,1.3005429183182078,1.3009281875708312,1.3593141566001736,1.351355065514551,0.15273538568605466
665,2025-07-01,1.2459233470452709,1.254106134857433,1.3018894456378907,1.3042974700483225,0.2406139217520083
666,2025-07-02,1.3660681124968335,1.3371245844727881,1.2975393534475625,1.2495595874513852,0.7619849923631771
667,2025-07-03,1.3960433574415196,1.3663034471656939,1.4304924722918966,1.3688851688275334,0.5148327764743219
668,2025-07-04,1.334712108260306,1.336686721287509,1.3800079686525155,1.398912613996628,0.17643030632965379
669,2025-07-05,1.3421937450597108,1.2852679843720243,1.4010548002344978,1.337394062989488,-0.33905350882983337
670,2025-07-06,1.380235593643571,1.3359229519027451,1.401237635434576,1.3455728195959396,-0.07572630972149097
671,2025-07-07,1.3448038255275139,1.3351210819730774,1.3889015306253467,1.3837087015704432,0.2966687454102466
672,2025-07-08,1.3695250586636325,1.3159406815062735,1.387841267191615,1.3481188711265022,0.2479809992553844
673,2025-07-09,1.4598427509740848,1.4182201288949599,1.420926305703292,1.3728827159981745,0.8340940348736379
674,2025-07-10,1.63698466611789,1.5939152231776699,1.5097212597999123,1.463230901892521,2.4656571336869844
675,2025-07-11,1.6951288853035484,1.678236125266506,1.68649368078885,1.6400988500826998,2.07979313687948
676,2025-07-12,1.6920211376157182,1.6543552898830314,1.7532453966447425,1.6987559489326616,0.3013448492858139
677,2025-07-13,1.75590842464299,1.7004856711658682,1.7643652106172079,1.6950147574924022,0.4515339707367424
678,2025-07-14,1.7837905572762376,1.837114518272021,1.8296681005878022,1.7589550393691904,6.152583804987168
679,2025-07-15,1.705018388145435,1.7187173680645675,1.70654229844487,1.786985639555103,2.569178040283572
680,2025-07-16,1.7415562483823759,1.7235924793255664,1.7566304081414126,1.7081167902958734,1.4455238816238756
681,2025-07-17,1.7625114234328123,1.758634429716938,1.7737256499543244,1.7446264156057676,1.4541924940158788
682,2025-07-18,1.7136096803155088,1.7530937312445811,1.7512775838570807,1.765347613687565,1.6939584922127278
683,2025-07-19,1.7112056744602946,1.6664161639128876,1.7691065761599274,1.7165076931375365,0.38897059414538254
684,2025-07-20,1.6869114374234593,1.6785570490870418,1.7367866141032728,1.7144562538784396,0.8163983448537484
685,2025-07-21,1.6921850471058464,1.7088135710384957,1.738107726438599,1.690239538597999,1.3449289036626326
686,2025-07-22,1.7893287382551906,1.7312624120958167,1.7245682828743245,1.6947981606368714,1.748586348788686
687,2025-07-23,1.742181598719713,1.7253870149905355,1.7692213376281807,1.7924391329861413,1.2069835021250261
688,2025-07-24,1.7274739882930057,1.703707511859157,1.763691702367826,1.7458598308502087,1.4655098075803537
689,2025-07-25,1.6996476799063958,1.664374560868273,1.667761054877709,1.7305550376967904,2.849896370653005
690,2025-07-26,1.7114865773183765,1.6586990450831796,1.761118455062607,1.703090556415471,0.42953573610895746
691,2025-07-27,1.76854133288215,1.7142168144680843,1.7872765395443035,1.7144796938121203,0.6947509199445203
692,2025-07-28,1.7106165504957755,1.7143741990266486,1.7711508965930916,1.7719336416358111,1.1302826606671008
693,2025-07-29,1.7105280631261048,1.6938942768975105,1.7536442002772032,1.714246481307398,1.2866413460310424
694,2025-07-30,1.7070708200218236,1.6753944107789114,1.7078971464349055,1.7136162734702094,1.3052420854113396
695,2025-07-31,1.628280834642094,1.6806185816474521,1.696499916944694,1.7102605057495868,1.3256106405764014
696,2025-08-01,1.5356128821606905,1.5733570483909216,1.5892871026438218,1.6307074477932966,2.267336449465626
697,2025-08-02,1.505466007351341,1.4968587743330657,1.5615783828902923,1.5388537653989995,0.7887111672308422
698,2025-08-03,1.5697283264185258,1.5240874752891258,1.5591894768411654,1.508676482679161,0.41195312671866907
699,2025-08-04,1.6021951737756506,1.5609283575621864,1.6434939743269694,1.573168641475521,-0.11709039975507705
700,2025-08-05,1.5668311074055161,1.5379683830409252,1.5883873847811636,1.6053846050095417,0.9677559607317168
701,2025-08-06,1.600527275938603,1.5612422474359708,1.6142632343658698,1.570016118749472,0.7675894154037496
702,2025-08-07,1.694365162099545,1.633985273171885,1.649250421623006,1.6037844586508045,1.0971527160781012
703,2025-08-08,1.663648167324532,1.6344465828463357,1.7123939284809802,1.6977984721480064,0.9107916873166968
704,2025-08-09,1.6564887076932235,1.6426024441046667,1.7296039317621452,1.6663815433152798,0.6655819570260653
705,2025-08-10,1.7631542930815942,1.6956515912609196,1.7342817417410814,1.6595243242355884,1.1273839487270911
706,2025-08-11,1.7412878168985426,1.8082091002590788,1.7988177479894367,1.7662098471973908,2.234444791118877
707,2025-08-12,1.796074860911393,1.7324816295327383,1.801504551918098,1.7438347986050053,1.4730842461761449
708,2025-08-13,1.916604160402296,1.8592796568103658,1.8289138677360794,1.79895365430126,2.250596456554434
709,2025-08-14,1.7271538896872842,1.8883407008951845,1.7639582742822728,1.9193619232470416,2.815473361052477
710,2025-08-15,1.6906195927001288,1.696086816716167,1.7489097625921473,1.7304707726187483,1.295328557308585
711,2025-08-16,1.6941543364872425,1.6459582228673477,1.7646164207603137,1.6937317920084083,0.40926020836006977
712,2025-08-17,1.6926990458873898,1.6684560084708142,1.7649082944157926,1.6973157281973916,0.315416892119976
713,2025-08-18,1.6470609426360279,1.6316318318212886,1.6663676518537196,1.6958390123755047,1.4724034338760388
714,2025-08-19,1.5170305345298463,1.5997569159547669,1.5895166255803286,1.649807136538825,1.4238567793038057
715,2025-08-20,1.5718974547253861,1.519524788496338,1.5763139361407452,1.5201543357741716,1.2664833294616586
716,2025-08-21,1.5013655976607958,1.5261592656885488,1.5608253548833806,1.5751346288244907,0.8293891237255699
717,2025-08-22,1.6706933060252258,1.6227494224797534,1.5489778146450357,1.5051797786484324,1.890784940566104
718,2025-08-23,1.6136905145208227,1.6084508741395853,1.6591358720865415,1.673525085635502,0.724550153081003
719,2025-08-24,1.5408710510940078,1.5566373569626741,1.5251354418901943,1.6173555868359117,1.5228174511685784
720,2025-08-25,1.4141494173510492,1.4824623369006062,1.458193661765357,1.5440381446547415,2.027325099307341
721,2025-08-26,1.4779384180717403,1.4359134357860568,1.4365163951359883,1.4174630961947758,1.3267263339839301
722,2025-08-27,1.455871212150778,1.4442565758766457,1.4996011658094233,1.4809485246749492,1.0149137655035614
723,2025-08-28,1.5061459941853876,1.475418425391237,1.5189810945953055,1.4590479122085829,0.8741586203562005
724,2025-08-29,1.3490221193984595,1.444243094145372,1.3901572801296729,1.5096152668584757,1.6895591636259633
725,2025-08-30,1.36412020261415,1.3058261591587723,1.3857165233673125,1.3523413229772698,0.5574223566453496
726,2025-08-31,1.342403976797049,1.3268960535716903,1.411170978479351,1.367876658263219,0.40708113877649693
727,2025-09-01,1.380939632413669,1.3418862733424195,1.3790362613123965,1.3454802466933016,1.2182274376356463
728,2025-09-02,1.45505493101244,1.4115666014302972,1.4246411434669892,1.384002739219527,1.5578466534373676
729,2025-09-03,1.4749188608160986,1.4435367686590785,1.506722099853984,1.4579708620913538,0.9712120739666353
730,2025-09-04,1.4369257099793054,1.4288349407051595,1.459078319067877,1.478002807439729,0.92875183929017
731,2025-09-05,1.4341656760830335,1.4719451211015835,1.4932447057974794,1.4402090298137555,0.9334988627620149
732,2025-09-07,1.4240404048803463,1.3604183783836294,1.4925290279797103,1.4209090631538663,-0.7319836377368247
